{
  "version": 1,
  "author": "Immanuel Kristiandika Putra",
  "editor": "wokwi",
  "parts": [
    { "type": "board-esp32-devkit-c-v4", "id": "esp", "top": -9.6, "left": -14.36, "attrs": {} },
    { "type": "wokwi-hc-sr04", "id": "ultrasonic1", "top": -56.1, "left": 178.3, "attrs": {} }
  ],
  "connections": [
    [ "esp:TX", "$serialMonitor:RX", "", [] ],
    [ "esp:RX", "$serialMonitor:TX", "", [] ],
    [ "ultrasonic1:GND", "esp:GND.2", "black", [ "v48", "h-135.6", "v-67.2" ] ],
    [ "esp:5V", "ultrasonic1:VCC", "red", [ "v38.4", "h259.35" ] ],
    [ "ultrasonic1:TRIG", "esp:5", "green", [ "v0" ] ],
    [ "ultrasonic1:ECHO", "esp:18", "green", [ "v0" ] ]
  ],
  "dependencies": {}
}