{
  "version": 1,
  "author": "Immanuel Kristiandika Putra",
  "editor": "wokwi",
  "parts": [
    { "type": "board-esp32-devkit-c-v4", "id": "esp", "top": 0, "left": 0, "attrs": {} },
    { "type": "wokwi-relay-module", "id": "relay1", "top": -86.2, "left": 230.4, "attrs": {} },
    {
      "type": "wokwi-led",
      "id": "led1",
      "top": 130.8,
      "left": 157.4,
      "attrs": { "color": "red" }
    },
    {
      "type": "wokwi-pushbutton",
      "id": "btn1",
      "top": 83,
      "left": 230.4,
      "attrs": { "color": "green", "xray": "1" }
    }
  ],
  "connections": [
    [ "esp:TX", "$serialMonitor:RX", "", [] ],
    [ "esp:RX", "$serialMonitor:TX", "", [] ],
    [ "relay1:VCC", "esp:3V3", "red", [ "h0" ] ],
    [ "relay1:GND", "esp:GND.2", "black", [ "h0" ] ],
    [ "relay1:IN", "esp:23", "green", [ "v-0.2", "h-76.8", "v86.4" ] ],
    [ "btn1:1.l", "esp:19", "green", [ "h0" ] ],
    [ "btn1:2.l", "esp:GND.2", "green", [ "h-19.2", "v-86.2" ] ],
    [ "led1:A", "esp:18", "green", [ "h9.6", "v-67.2" ] ],
    [ "led1:C", "esp:GND.2", "green", [ "h-9.2", "v-144" ] ]
  ],
  "dependencies": {}
}